Location,date,total_cases,population,percent_diagnosed
United States,1/22/2020,1,332915074,3.00E-07
United States,1/23/2020,1,332915074,3.00E-07
United States,1/24/2020,2,332915074,6.01E-07
United States,1/25/2020,2,332915074,6.01E-07
United States,1/26/2020,5,332915074,1.50E-06
United States,1/27/2020,5,332915074,1.50E-06
United States,1/28/2020,5,332915074,1.50E-06
United States,1/29/2020,6,332915074,1.80E-06
United States,1/30/2020,6,332915074,1.80E-06
United States,1/31/2020,8,332915074,2.40E-06
United States,2/1/2020,8,332915074,2.40E-06
United States,2/2/2020,8,332915074,2.40E-06
United States,2/3/2020,11,332915074,3.30E-06
United States,2/4/2020,11,332915074,3.30E-06
United States,2/5/2020,11,332915074,3.30E-06
United States,2/6/2020,12,332915074,3.60E-06
United States,2/7/2020,12,332915074,3.60E-06
United States,2/8/2020,12,332915074,3.60E-06
United States,2/9/2020,12,332915074,3.60E-06
United States,2/10/2020,12,332915074,3.60E-06
United States,2/11/2020,13,332915074,3.90E-06
United States,2/12/2020,13,332915074,3.90E-06
United States,2/13/2020,14,332915074,4.21E-06
United States,2/14/2020,14,332915074,4.21E-06
United States,2/15/2020,14,332915074,4.21E-06
United States,2/16/2020,14,332915074,4.21E-06
United States,2/17/2020,14,332915074,4.21E-06
United States,2/18/2020,14,332915074,4.21E-06
United States,2/19/2020,14,332915074,4.21E-06
United States,2/20/2020,14,332915074,4.21E-06
United States,2/21/2020,16,332915074,4.81E-06
United States,2/22/2020,16,332915074,4.81E-06
United States,2/23/2020,16,332915074,4.81E-06
United States,2/24/2020,16,332915074,4.81E-06
United States,2/25/2020,16,332915074,4.81E-06
United States,2/26/2020,16,332915074,4.81E-06
United States,2/27/2020,17,332915074,5.11E-06
United States,2/28/2020,17,332915074,5.11E-06
United States,2/29/2020,25,332915074,7.51E-06
United States,3/1/2020,32,332915074,9.61E-06
United States,3/2/2020,55,332915074,1.65E-05
United States,3/3/2020,74,332915074,2.22E-05
United States,3/4/2020,107,332915074,3.21E-05
United States,3/5/2020,184,332915074,5.53E-05
United States,3/6/2020,237,332915074,7.12E-05
United States,3/7/2020,403,332915074,0.000121052
United States,3/8/2020,519,332915074,0.000155896
United States,3/9/2020,594,332915074,0.000178424
United States,3/10/2020,782,332915074,0.000234895
United States,3/11/2020,1147,332915074,0.000344532
United States,3/12/2020,1586,332915074,0.000476398
United States,3/13/2020,2219,332915074,0.000666536
United States,3/14/2020,2978,332915074,0.000894522
United States,3/15/2020,3212,332915074,0.000964811
United States,3/16/2020,4679,332915074,0.001405464
United States,3/17/2020,6512,332915074,0.001956054
United States,3/18/2020,9169,332915074,0.002754156
United States,3/19/2020,13663,332915074,0.00410405
United States,3/20/2020,20030,332915074,0.006016549
United States,3/21/2020,26025,332915074,0.007817309
United States,3/22/2020,34944,332915074,0.010496371
United States,3/23/2020,46096,332915074,0.013846174
United States,3/24/2020,56714,332915074,0.017035576
United States,3/25/2020,68841,332915074,0.020678247
United States,3/26/2020,86662,332915074,0.026031263
United States,3/27/2020,105253,332915074,0.031615571
United States,3/28/2020,127417,332915074,0.038273124
United States,3/29/2020,143544,332915074,0.043117303
United States,3/30/2020,165698,332915074,0.049771853
United States,3/31/2020,192079,332915074,0.057696096
United States,4/1/2020,224281,332915074,0.067368833
United States,4/2/2020,256626,332915074,0.077084524
United States,4/3/2020,288993,332915074,0.086806823
United States,4/4/2020,321379,332915074,0.09653483
United States,4/5/2020,350713,332915074,0.105346086
United States,4/6/2020,382646,332915074,0.114938022
United States,4/7/2020,413222,332915074,0.124122346
United States,4/8/2020,444341,332915074,0.133469775
United States,4/9/2020,480413,332915074,0.144304971
United States,4/10/2020,514690,332915074,0.15460099
United States,4/11/2020,543878,332915074,0.163368391
United States,4/12/2020,570812,332915074,0.171458743
United States,4/13/2020,597803,332915074,0.179566216
United States,4/14/2020,626217,332915074,0.188101125
United States,4/15/2020,652179,332915074,0.19589951
United States,4/16/2020,682442,332915074,0.204989817
United States,4/17/2020,715446,332915074,0.214903456
United States,4/18/2020,743379,332915074,0.223293884
United States,4/19/2020,769251,332915074,0.231065236
United States,4/20/2020,799039,332915074,0.240012863
United States,4/21/2020,825257,332915074,0.247888145
United States,4/22/2020,854328,332915074,0.256620402
United States,4/23/2020,887581,332915074,0.266608835
United States,4/24/2020,919920,332915074,0.276322724
United States,4/25/2020,950298,332915074,0.285447573
United States,4/26/2020,976871,332915074,0.293429489
United States,4/27/2020,1000666,332915074,0.300576957
United States,4/28/2020,1025354,332915074,0.307992662
United States,4/29/2020,1051785,332915074,0.315931924
United States,4/30/2020,1080942,332915074,0.324690014
United States,5/1/2020,1115844,332915074,0.335173769
United States,5/2/2020,1143248,332915074,0.343405297
United States,5/3/2020,1167577,332915074,0.350713167
United States,5/4/2020,1191815,332915074,0.357993703
United States,5/5/2020,1216263,332915074,0.365337317
United States,5/6/2020,1240643,332915074,0.372660506
United States,5/7/2020,1268262,332915074,0.380956616
United States,5/8/2020,1295396,332915074,0.389107043
United States,5/9/2020,1320096,332915074,0.396526353
United States,5/10/2020,1339110,332915074,0.402237719
United States,5/11/2020,1358249,332915074,0.407986633
United States,5/12/2020,1381136,332915074,0.414861359
United States,5/13/2020,1401652,332915074,0.421023892
United States,5/14/2020,1428388,332915074,0.429054768
United States,5/15/2020,1453085,332915074,0.436473177
United States,5/16/2020,1477370,332915074,0.44376783
United States,5/17/2020,1496009,332915074,0.449366555
United States,5/18/2020,1518223,332915074,0.456039128
United States,5/19/2020,1539142,332915074,0.462322712
United States,5/20/2020,1561937,332915074,0.469169804
United States,5/21/2020,1587724,332915074,0.476915623
United States,5/22/2020,1611383,332915074,0.48402224
United States,5/23/2020,1632503,332915074,0.490366201
United States,5/24/2020,1652809,332915074,0.496465654
United States,5/25/2020,1671298,332915074,0.502019323
United States,5/26/2020,1690282,332915074,0.507721678
United States,5/27/2020,1709756,332915074,0.513571218
United States,5/28/2020,1731479,332915074,0.520096305
United States,5/29/2020,1756127,332915074,0.527499995
United States,5/30/2020,1780340,332915074,0.534773021
United States,5/31/2020,1799674,332915074,0.540580509
United States,6/1/2020,1816679,332915074,0.545688418
United States,6/2/2020,1837948,332915074,0.552077134
United States,6/3/2020,1857728,332915074,0.558018589
United States,6/4/2020,1879463,332915074,0.564547282
United States,6/5/2020,1904375,332915074,0.572030271
United States,6/6/2020,1925849,332915074,0.578480565
United States,6/7/2020,1944117,332915074,0.58396785
United States,6/8/2020,1960815,332915074,0.588983544
United States,6/9/2020,1978823,332915074,0.594392731
United States,6/10/2020,2000019,332915074,0.60075952
United States,6/11/2020,2022421,332915074,0.607488563
United States,6/12/2020,2047570,332915074,0.615042742
United States,6/13/2020,2072696,332915074,0.622590012
United States,6/14/2020,2092027,332915074,0.628396598
United States,6/15/2020,2110610,332915074,0.633978502
United States,6/16/2020,2134511,332915074,0.641157811
United States,6/17/2020,2161726,332915074,0.649332568
United States,6/18/2020,2190127,332915074,0.657863573
United States,6/19/2020,2221812,332915074,0.667381015
United States,6/20/2020,2254346,332915074,0.677153477
United States,6/21/2020,2280413,332915074,0.684983402
United States,6/22/2020,2311569,332915074,0.694341945
United States,6/23/2020,2348835,332915074,0.705535791
United States,6/24/2020,2385047,332915074,0.716413039
United States,6/25/2020,2425307,332915074,0.728506214
United States,6/26/2020,2471626,332915074,0.742419371
United States,6/27/2020,2513324,332915074,0.754944488
United States,6/28/2020,2555120,332915074,0.767499041
United States,6/29/2020,2594820,332915074,0.779424004
United States,6/30/2020,2643189,332915074,0.793952935
United States,7/1/2020,2694755,332915074,0.80944217
United States,7/2/2020,2751125,332915074,0.826374416
United States,7/3/2020,2803742,332915074,0.842179348
United States,7/4/2020,2852097,332915074,0.856704073
United States,7/5/2020,2902901,332915074,0.871964422
United States,7/6/2020,2945635,332915074,0.884800728
United States,7/7/2020,3004763,332915074,0.902561414
United States,7/8/2020,3064408,332915074,0.920477395
United States,7/9/2020,3125361,332915074,0.938786268
United States,7/10/2020,3193162,332915074,0.959152123
United States,7/11/2020,3254420,332915074,0.977552612
United States,7/12/2020,3314447,332915074,0.995583336
United States,7/13/2020,3372312,332915074,1.012964646
United States,7/14/2020,3439203,332915074,1.033057157
United States,7/15/2020,3507141,332915074,1.053464164
United States,7/16/2020,3583185,332915074,1.076306025
United States,7/17/2020,3654728,332915074,1.09779589
United States,7/18/2020,3719067,332915074,1.11712184
United States,7/19/2020,3780322,332915074,1.135521427
United States,7/20/2020,3840822,332915074,1.15369423
United States,7/21/2020,3906368,332915074,1.173382735
United States,7/22/2020,3976745,332915074,1.19452236
United States,7/23/2020,4045477,332915074,1.215167866
United States,7/24/2020,4119112,332915074,1.237286119
United States,7/25/2020,4185260,332915074,1.257155451
United States,7/26/2020,4241586,332915074,1.274074481
United States,7/27/2020,4298445,332915074,1.291153611
United States,7/28/2020,4361582,332915074,1.310118508
United States,7/29/2020,4430540,332915074,1.330831899
United States,7/30/2020,4498479,332915074,1.351239205
United States,7/31/2020,4566893,332915074,1.371789191
United States,8/1/2020,4625291,332915074,1.389330601
United States,8/2/2020,4671745,332915074,1.40328431
United States,8/3/2020,4716928,332915074,1.41685624
United States,8/4/2020,4772196,332915074,1.433457471
United States,8/5/2020,4827722,332915074,1.450136199
United States,8/6/2020,4885263,332915074,1.467420187
United States,8/7/2020,4945685,332915074,1.48556956
United States,8/8/2020,5000791,332915074,1.50212213
United States,8/9/2020,5048937,332915074,1.516584076
United States,8/10/2020,5094834,332915074,1.530370475
United States,8/11/2020,5147207,332915074,1.546102115
United States,8/12/2020,5199935,332915074,1.561940388
United States,8/13/2020,5251365,332915074,1.577388773
United States,8/14/2020,5316662,332915074,1.597002484
United States,8/15/2020,5366010,332915074,1.611825483
United States,8/16/2020,5405920,332915074,1.623813525
United States,8/17/2020,5441722,332915074,1.634567619
United States,8/18/2020,5484630,332915074,1.647456192
United States,8/19/2020,5529064,332915074,1.660803139
United States,8/20/2020,5573641,332915074,1.674193041
United States,8/21/2020,5622409,332915074,1.688841822
United States,8/22/2020,5666754,332915074,1.702162035
United States,8/23/2020,5701239,332915074,1.712520533
United States,8/24/2020,5736144,332915074,1.723005189
United States,8/25/2020,5776999,332915074,1.735277088
United States,8/26/2020,5820948,332915074,1.748478352
United States,8/27/2020,5866912,332915074,1.762284876
United States,8/28/2020,5913422,332915074,1.776255406
United States,8/29/2020,5957630,332915074,1.789534468
United States,8/30/2020,5992432,332915074,1.799988186
United States,8/31/2020,6025133,332915074,1.809810811
United States,9/1/2020,6067946,332915074,1.822670847
United States,9/2/2020,6108636,332915074,1.834893184
United States,9/3/2020,6152970,332915074,1.848210093
United States,9/4/2020,6203641,332915074,1.863430492
United States,9/5/2020,6247027,332915074,1.876462644
United States,9/6/2020,6278004,332915074,1.885767419
United States,9/7/2020,6301844,332915074,1.892928405
United States,9/8/2020,6327470,332915074,1.900625864
United States,9/9/2020,6362070,332915074,1.911018904
United States,9/10/2020,6398009,332915074,1.92181415
United States,9/11/2020,6445976,332915074,1.936222329
United States,9/12/2020,6487670,332915074,1.948746244
United States,9/13/2020,6522112,332915074,1.959091825
United States,9/14/2020,6555360,332915074,1.969078757
United States,9/15/2020,6594822,332915074,1.98093223
United States,9/16/2020,6633728,332915074,1.992618694
United States,9/17/2020,6678930,332915074,2.006196331
United States,9/18/2020,6728073,332915074,2.020957753
United States,9/19/2020,6770652,332915074,2.033747502
United States,9/20/2020,6809529,332915074,2.045425255
United States,9/21/2020,6860252,332915074,2.060661272
United States,9/22/2020,6900323,332915074,2.072697675
United States,9/23/2020,6939234,332915074,2.084385641
United States,9/24/2020,6986603,332915074,2.098614195
United States,9/25/2020,7034970,332915074,2.113142525
United States,9/26/2020,7079901,332915074,2.12663876
United States,9/27/2020,7117963,332915074,2.138071705
United States,9/28/2020,7150630,332915074,2.147884118
United States,9/29/2020,7194194,332915074,2.160969737
United States,9/30/2020,7233294,332915074,2.172714474
United States,10/1/2020,7279272,332915074,2.186525204
United States,10/2/2020,7334418,332915074,2.203089789
United States,10/3/2020,7383899,332915074,2.217952738
United States,10/4/2020,7419442,332915074,2.228629035
United States,10/5/2020,7457757,332915074,2.240137976
United States,10/6/2020,7503140,332915074,2.253769981
United States,10/7/2020,7554267,332915074,2.269127351
United States,10/8/2020,7613291,332915074,2.286856798
United States,10/9/2020,7669967,332915074,2.303880959
United States,10/10/2020,7725456,332915074,2.320548573
United States,10/11/2020,7772121,332915074,2.334565662
United States,10/12/2020,7813698,332915074,2.347054432
United States,10/13/2020,7865263,332915074,2.362543367
United States,10/14/2020,7924557,332915074,2.380353916
United States,10/15/2020,7989616,332915074,2.399896137
United States,10/16/2020,8058746,332915074,2.420661192
United States,10/17/2020,8116053,332915074,2.437874892
United States,10/18/2020,8166861,332915074,2.453136442
United States,10/19/2020,8233937,332915074,2.473284523
United States,10/20/2020,8295638,332915074,2.491818079
United States,10/21/2020,8358792,332915074,2.510788082
United States,10/22/2020,8434997,332915074,2.533678304
United States,10/23/2020,8517523,332915074,2.558467208
United States,10/24/2020,8600811,332915074,2.583485
United States,10/25/2020,8663123,332915074,2.602202086
United States,10/26/2020,8729835,332915074,2.62224083
United States,10/27/2020,8806856,332915074,2.64537616
United States,10/28/2020,8886178,332915074,2.669202657
United States,10/29/2020,8977159,332915074,2.696531248
United States,10/30/2020,9077231,332915074,2.726590566
United States,10/31/2020,9167578,332915074,2.753728718
United States,11/1/2020,9272790,332915074,2.785331973
United States,11/2/2020,9356848,332915074,2.810581055
United States,11/3/2020,9484593,332915074,2.848952703
United States,11/4/2020,9588703,332915074,2.880224943
United States,11/5/2020,9718587,332915074,2.919239097
United States,11/6/2020,9846464,332915074,2.957650395
United States,11/7/2020,9977772,332915074,2.997092285
United States,11/8/2020,10092536,332915074,3.031564741
United States,11/9/2020,10211856,332915074,3.067405713
United States,11/10/2020,10351878,332915074,3.109465088
United States,11/11/2020,10500000,332915074,3.153957517
United States,11/12/2020,10662955,332915074,3.202905435
United States,11/13/2020,10843985,332915074,3.257282667
United States,11/14/2020,11015041,332915074,3.308663939
United States,11/15/2020,11152060,332915074,3.349821282
United States,11/16/2020,11312847,332915074,3.398117984
United States,11/17/2020,11476626,332915074,3.447313413
United States,11/18/2020,11650148,332915074,3.499435415
United States,11/19/2020,11841871,332915074,3.557024576
United States,11/20/2020,12043059,332915074,3.617456805
United States,11/21/2020,12223927,332915074,3.671785376
United States,11/22/2020,12370147,332915074,3.715706487
United States,11/23/2020,12543324,332915074,3.767724858
United States,11/24/2020,12720653,332915074,3.820990395
United States,11/25/2020,12905298,332915074,3.876453489
United States,11/26/2020,13021515,332915074,3.911362391
United States,11/27/2020,13226451,332915074,3.972920433
United States,11/28/2020,13384075,332915074,4.020267043
United States,11/29/2020,13524480,332915074,4.062441462
United States,11/30/2020,13681218,332915074,4.109521938
United States,12/1/2020,13875057,332915074,4.167746697
United States,12/2/2020,14079202,332915074,4.22906714
United States,12/3/2020,14303710,332915074,4.296504159
United States,12/4/2020,14538416,332915074,4.367004421
United States,12/5/2020,14759133,332915074,4.433302711
United States,12/6/2020,14937723,332915074,4.486947022
United States,12/7/2020,15129267,332915074,4.544482417
United States,12/8/2020,15359791,332915074,4.613726503
United States,12/9/2020,15581327,332915074,4.680270801
United States,12/10/2020,15815581,332915074,4.750635293
United States,12/11/2020,16056302,332915074,4.822942322
United States,12/12/2020,16276348,332915074,4.889039059
United States,12/13/2020,16463227,332915074,4.945173195
United States,12/14/2020,16665174,332915074,5.00583341
United States,12/15/2020,16886630,332915074,5.072353678
United States,12/16/2020,17127062,332915074,5.144573898
United States,12/17/2020,17364595,332915074,5.215923326
United States,12/18/2020,17613077,332915074,5.29056158
United States,12/19/2020,17814222,332915074,5.350980893
United States,12/20/2020,17999527,332915074,5.406642236
United States,12/21/2020,18190799,332915074,5.464095927
United States,12/22/2020,18392024,332915074,5.52453927
United States,12/23/2020,18617449,332915074,5.592251734
United States,12/24/2020,18822709,332915074,5.653907098
United States,12/25/2020,18930694,332915074,5.686343298
United States,12/26/2020,19149187,332915074,5.75197355
United States,12/27/2020,19303663,332915074,5.798374573
United States,12/28/2020,19471624,332915074,5.848826178
United States,12/29/2020,19672858,332915074,5.909272225
United States,12/30/2020,19894606,332915074,5.975880203
United States,12/31/2020,20153407,332915074,6.053618047
United States,1/1/2021,20318085,332915074,6.103083515
United States,1/2/2021,20614548,332915074,6.192134154
United States,1/3/2021,20817609,332915074,6.253128989
United States,1/4/2021,21000263,332915074,6.307994032
United States,1/5/2021,21231487,332915074,6.377448382
United States,1/6/2021,21487814,332915074,6.454443093
United States,1/7/2021,21776472,332915074,6.54114929
United States,1/8/2021,22079480,332915074,6.632165896
United States,1/9/2021,22338581,332915074,6.709993853
United States,1/10/2021,22551280,332915074,6.77388372
United States,1/11/2021,22763308,332915074,6.837572035
United States,1/12/2021,22981721,332915074,6.903178256
United States,1/13/2021,23211213,332915074,6.972112353
United States,1/14/2021,23449840,332915074,7.043790393
United States,1/15/2021,23696118,332915074,7.117766617
United States,1/16/2021,23904210,332915074,7.180272648
United States,1/17/2021,24080564,332915074,7.233245317
United States,1/18/2021,24221315,332915074,7.275523667
United States,1/19/2021,24386731,332915074,7.325210813
United States,1/20/2021,24572027,332915074,7.380869453
United States,1/21/2021,24764028,332915074,7.438542119
United States,1/22/2021,24953381,332915074,7.495419387
United States,1/23/2021,25127612,332915074,7.547754356
United States,1/24/2021,25265206,332915074,7.589084416
United States,1/25/2021,25408108,332915074,7.632008877
United States,1/26/2021,25552460,332915074,7.675368884
United States,1/27/2021,25707757,332915074,7.722016516
United States,1/28/2021,25874333,332915074,7.7720521
United States,1/29/2021,26041097,332915074,7.822144154
United States,1/30/2021,26185812,332915074,7.865613198
United States,1/31/2021,26300968,332915074,7.900203401
United States,2/1/2021,26430576,332915074,7.939134651
United States,2/2/2021,26544805,332915074,7.973446405
United States,2/3/2021,26667875,332915074,8.010413791
United States,2/4/2021,26791814,332915074,8.047642204
United States,2/5/2021,26923109,332915074,8.08708019
United States,2/6/2021,27033851,332915074,8.12034453
United States,2/7/2021,27125342,332915074,8.147826313
United States,2/8/2021,27211264,332915074,8.173635298
United States,2/9/2021,27305453,332915074,8.201927498
United States,2/10/2021,27401321,332915074,8.230724031
United States,2/11/2021,27507454,332915074,8.262603934
United States,2/12/2021,27607264,332915074,8.292584553
United States,2/13/2021,27695855,332915074,8.319195243
United States,2/14/2021,27762171,332915074,8.339115038
United States,2/15/2021,27816631,332915074,8.355473564
United States,2/16/2021,27875792,332915074,8.373244163
United States,2/17/2021,27945834,332915074,8.394283162
United States,2/18/2021,28017130,332915074,8.415698834
United States,2/19/2021,28095265,332915074,8.439168783
United States,2/20/2021,28168390,332915074,8.461133845
United States,2/21/2021,28226147,332915074,8.478482714
United States,2/22/2021,28281294,332915074,8.495047599
United States,2/23/2021,28353211,332915074,8.516649805
United States,2/24/2021,28428219,332915074,8.539180476
United States,2/25/2021,28506209,332915074,8.562606871
United States,2/26/2021,28583890,332915074,8.585940449
United States,2/27/2021,28649627,332915074,8.605686326
United States,2/28/2021,28701621,332915074,8.621304123
United States,3/1/2021,28757042,332915074,8.637951311
United States,3/2/2021,28814006,332915074,8.655061981
United States,3/3/2021,28881157,332915074,8.675232591
United States,3/4/2021,28949409,332915074,8.695733916
United States,3/5/2021,29016334,332915074,8.71583664
United States,3/6/2021,29075178,332915074,8.733512019
United States,3/7/2021,29117203,332915074,8.746135358
United States,3/8/2021,29161857,332915074,8.759548389
United States,3/9/2021,29217819,332915074,8.776358081
United States,3/10/2021,29275991,332915074,8.793831606
United States,3/11/2021,29338766,332915074,8.812687767
United States,3/12/2021,29400372,332915074,8.831192786
United States,3/13/2021,29453931,332915074,8.847280673
United States,3/14/2021,29492629,332915074,8.858904659
United States,3/15/2021,29547870,332915074,8.875497779
United States,3/16/2021,29602187,332915074,8.891813352
United States,3/17/2021,29661581,332915074,8.909653938
United States,3/18/2021,29721933,332915074,8.927782285
United States,3/19/2021,29783930,332915074,8.946404752
United States,3/20/2021,29840560,332915074,8.963415096
United States,3/21/2021,29875168,332915074,8.97381054
United States,3/22/2021,29925277,332915074,8.988862126
United States,3/23/2021,29978671,332915074,9.004900451
United States,3/24/2021,30065443,332915074,9.030964756
United States,3/25/2021,30133300,332915074,9.051347432
United States,3/26/2021,30210764,332915074,9.074615828
United States,3/27/2021,30274592,332915074,9.093788285
United States,3/28/2021,30318223,332915074,9.10689403
United States,3/29/2021,30386552,332915074,9.127418484
United States,3/30/2021,30447766,332915074,9.145805756
United States,3/31/2021,30514599,332915074,9.165880846
United States,4/1/2021,30593758,332915074,9.189658381
United States,4/2/2021,30664664,332915074,9.210956906
United States,4/3/2021,30728418,332915074,9.230107135
United States,4/4/2021,30764589,332915074,9.240972068
United States,4/5/2021,30839424,332915074,9.263450774
United States,4/6/2021,30900319,332915074,9.281742226
United States,4/7/2021,30975322,332915074,9.304271395
United States,4/8/2021,31055433,332915074,9.328334889
United States,4/9/2021,31139621,332915074,9.35362302
United States,4/10/2021,31208269,332915074,9.374243294
United States,4/11/2021,31254338,332915074,9.388081358
United States,4/12/2021,31322579,332915074,9.408579378
United States,4/13/2021,31400634,332915074,9.432025298
United States,4/14/2021,31476253,332915074,9.454739499
United States,4/15/2021,31550222,332915074,9.476958079
United States,4/16/2021,31630453,332915074,9.501057618
United States,4/17/2021,31683798,332915074,9.517081224
United States,4/18/2021,31726371,332915074,9.52986917
United States,4/19/2021,31793519,332915074,9.550038879
United States,4/20/2021,31854271,332915074,9.568287376
United States,4/21/2021,31918063,332915074,9.58744902
United States,4/22/2021,31984543,332915074,9.607418077
United States,4/23/2021,32047626,332915074,9.626366753
United States,4/24/2021,32101263,332915074,9.642478069
United States,4/25/2021,32134243,332915074,9.6523845
United States,4/26/2021,32180714,332915074,9.666343315
United States,4/27/2021,32231164,332915074,9.68149733
United States,4/28/2021,32286420,332915074,9.698094956
United States,4/29/2021,32344919,332915074,9.715666705
United States,4/30/2021,32403009,332915074,9.733115599
United States,5/1/2021,32449242,332915074,9.747002925
United States,5/2/2021,32478988,332915074,9.755937936
United States,5/3/2021,32528524,332915074,9.770817407
United States,5/4/2021,32568609,332915074,9.782858015
United States,5/5/2021,32613835,332915074,9.796442861
United States,5/6/2021,32661613,332915074,9.810794269
United States,5/7/2021,32709226,332915074,9.825096114
United States,5/8/2021,32743468,332915074,9.83538162
United States,5/9/2021,32765338,332915074,9.841950863
United States,5/10/2021,32801148,332915074,9.85270736
United States,5/11/2021,32834742,332915074,9.862798222
United States,5/12/2021,32870655,332915074,9.873585658
United States,5/13/2021,32909594,332915074,9.885282034
United States,5/14/2021,32951204,332915074,9.897780717
United States,5/15/2021,32980549,332915074,9.906595278
United States,5/16/2021,32997775,332915074,9.91176957
United States,5/17/2021,33026147,332915074,9.920291864
United States,5/18/2021,33053568,332915074,9.928528499
United States,5/19/2021,33082846,332915074,9.937322934
United States,5/20/2021,33113019,332915074,9.946386207
United States,5/21/2021,33141186,332915074,9.954846923
United States,5/22/2021,33161623,332915074,9.960985726
United States,5/23/2021,33174939,332915074,9.964985545
United States,5/24/2021,33199936,332915074,9.972494066
United States,5/25/2021,33222570,332915074,9.979292797
United States,5/26/2021,33246937,332915074,9.986612081
United States,5/27/2021,33274280,332915074,9.994825287
United States,5/28/2021,33296016,332915074,10.00135428
United States,5/29/2021,33308485,332915074,10.00509968
United States,5/30/2021,33315411,332915074,10.00718009
United States,5/31/2021,33321318,332915074,10.00895442
United States,6/1/2021,33343437,332915074,10.01559845
United States,6/2/2021,33360362,332915074,10.02068233
United States,6/3/2021,33379553,332915074,10.02644686
United States,6/4/2021,33396464,332915074,10.03152654
United States,6/5/2021,33410799,332915074,10.03583244
United States,6/6/2021,33416473,332915074,10.03753678
United States,6/7/2021,33431582,332915074,10.04207518
United States,6/8/2021,33444414,332915074,10.04592961
United States,6/9/2021,33463318,332915074,10.05160794
United States,6/10/2021,33477742,332915074,10.05594057
United States,6/11/2021,33502472,332915074,10.06336889
United States,6/12/2021,33511160,332915074,10.06597857
United States,6/13/2021,33516317,332915074,10.06752761
United States,6/14/2021,33528681,332915074,10.07124147
United States,6/15/2021,33539511,332915074,10.07449455
United States,6/16/2021,33552066,332915074,10.07826579
United States,6/17/2021,33562687,332915074,10.08145609
United States,6/18/2021,33583888,332915074,10.08782438
United States,6/19/2021,33592377,332915074,10.09037428
United States,6/20/2021,33596833,332915074,10.09171276
United States,6/21/2021,33608506,332915074,10.09521906
United States,6/22/2021,33619231,332915074,10.0984406
United States,6/23/2021,33632232,332915074,10.1023458
United States,6/24/2021,33646009,332915074,10.10648409
United States,6/25/2021,33670274,332915074,10.11377274
United States,6/26/2021,33678918,332915074,10.1163692
United States,6/27/2021,33683169,332915074,10.1176461
United States,6/28/2021,33697745,332915074,10.12202439
United States,6/29/2021,33704435,332915074,10.12403392
United States,6/30/2021,33720689,332915074,10.12891624
United States,7/1/2021,33735128,332915074,10.13325338
United States,7/2/2021,33764550,332915074,10.14209107
United States,7/3/2021,33769176,332915074,10.14348062
United States,7/4/2021,33772933,332915074,10.14460913
United States,7/5/2021,33781561,332915074,10.14720078
United States,7/6/2021,33804602,332915074,10.15412177
United States,7/7/2021,33827555,332915074,10.16101632
United States,7/8/2021,33846677,332915074,10.16676013
United States,7/9/2021,33894307,332915074,10.18106708
United States,7/10/2021,33902606,332915074,10.18355991
United States,7/11/2021,33913402,332915074,10.18680278
United States,7/12/2021,33947050,332915074,10.19690986
United States,7/13/2021,33973284,332915074,10.20478995
United States,7/14/2021,34006026,332915074,10.21462489
United States,7/15/2021,34036009,332915074,10.22363109
United States,7/16/2021,34113900,332915074,10.24702774
United States,7/17/2021,34125618,332915074,10.25054756
United States,7/18/2021,34144863,332915074,10.25632832
United States,7/19/2021,34195943,332915074,10.27167157
United States,7/20/2021,34237704,332915074,10.28421561
United States,7/21/2021,34288095,332915074,10.2993519
United States,7/22/2021,34342829,332915074,10.31579273
United States,7/23/2021,34463216,332915074,10.3519542
United States,7/24/2021,34488230,332915074,10.35946783
United States,7/25/2021,34512344,332915074,10.36671112
United States,7/26/2021,34599299,332915074,10.39283039
United States,7/27/2021,34667713,332915074,10.41338038
United States,7/28/2021,34736801,332915074,10.43413282
United States,7/29/2021,34816325,332915074,10.45801999
United States,7/30/2021,35005461,332915074,10.51483208
United States,7/31/2021,35037755,332915074,10.52453245
United States,8/1/2021,35079208,332915074,10.53698398
United States,8/2/2021,35199930,332915074,10.57324608
United States,8/3/2021,35302681,332915074,10.6041101
United States,8/4/2021,35399526,332915074,10.63320011
United States,8/5/2021,35510190,332915074,10.66644102
United States,8/6/2021,35765271,332915074,10.74306146
United States,8/7/2021,35814019,332915074,10.75770423
United States,8/8/2021,35840582,332915074,10.76568314
United States,8/9/2021,36021800,332915074,10.82011684
United States,8/10/2021,36142769,332915074,10.85645314
United States,8/11/2021,36298808,332915074,10.90332365
United States,8/12/2021,36440784,332915074,10.94596996
United States,8/13/2021,36670536,332915074,11.01498216
United States,8/14/2021,36719435,332915074,11.02967029
United States,8/15/2021,36761162,332915074,11.04220411
United States,8/16/2021,36981227,332915074,11.10830656
United States,8/17/2021,37133358,332915074,11.1540032
United States,8/18/2021,37291996,332915074,11.20165439
United States,8/19/2021,37449067,332915074,11.24883489
United States,8/20/2021,37694690,332915074,11.32261437
United States,8/21/2021,37760624,332915074,11.34241942
United States,8/22/2021,37796595,332915074,11.35322428
United States,8/23/2021,38034614,332915074,11.42471969
United States,8/24/2021,38191306,332915074,11.47178635
United States,8/25/2021,38361002,332915074,11.5227591
United States,8/26/2021,38545443,332915074,11.57816092
United States,8/27/2021,38788454,332915074,11.65115581
United States,8/28/2021,38849067,332915074,11.66936256
United States,8/29/2021,38891187,332915074,11.68201443
United States,8/30/2021,39151147,332915074,11.76010042
United States,8/31/2021,39321999,332915074,11.81142041
United States,9/1/2021,39523951,332915074,11.87208213
United States,9/2/2021,39699776,332915074,11.9248959
United States,9/3/2021,39934624,332915074,11.99543881
United States,9/4/2021,39999068,332915074,12.0147963
United States,9/5/2021,40039356,332915074,12.02689789
United States,9/6/2021,40114538,332915074,12.04948082
United States,9/7/2021,40391566,332915074,12.13269364
United States,9/8/2021,40573789,332915074,12.18742922
United States,9/9/2021,40733593,332915074,12.23543065
United States,9/10/2021,40961390,332915074,12.30385561
United States,9/11/2021,41025645,332915074,12.32315633
United States,9/12/2021,41061504,332915074,12.33392754
United States,9/13/2021,41322259,332915074,12.41225232
United States,9/14/2021,41467287,332915074,12.45581538
United States,9/15/2021,41638554,332915074,12.50726003
United States,9/16/2021,41793484,332915074,12.55379743
United States,9/17/2021,42001556,332915074,12.61629745
United States,9/18/2021,42058315,332915074,12.63334655
United States,9/19/2021,42094648,332915074,12.64426014
United States,9/20/2021,42296425,332915074,12.70486929
United States,9/21/2021,42417661,332915074,12.74128579
United States,9/22/2021,42550081,332915074,12.7810617
United States,9/23/2021,42675919,332915074,12.81886052
United States,9/24/2021,42853371,332915074,12.87216301
United States,9/25/2021,42900903,332915074,12.88644052
United States,9/26/2021,42931861,332915074,12.89573959
United States,9/27/2021,43116877,332915074,12.95131412
United States,9/28/2021,43226482,332915074,12.98423693
United States,9/29/2021,43349749,332915074,13.02126349
United States,9/30/2021,43460343,332915074,13.05448338
United States,10/1/2021,43618627,332915074,13.10202824
United States,10/2/2021,43657833,332915074,13.11380481
United States,10/3/2021,43683048,332915074,13.12137882
United States,10/4/2021,43852255,332915074,13.17220469
United States,10/5/2021,43947489,332915074,13.20081079
United States,10/6/2021,44058827,332915074,13.23425415
United States,10/7/2021,44158910,332915074,13.26431677
United States,10/8/2021,44290052,332915074,13.3037088
United States,10/9/2021,44317989,332915074,13.31210043
United States,10/10/2021,44340183,332915074,13.318767
United States,10/11/2021,44456385,332915074,13.35367139
United States,10/12/2021,44562693,332915074,13.38560386
United States,10/13/2021,44684150,332915074,13.42208674
United States,10/14/2021,44770279,332915074,13.4479579
United States,10/15/2021,44884598,332915074,13.48229669
United States,10/16/2021,44916737,332915074,13.4919505
United States,10/17/2021,44934357,332915074,13.49724314
United States,10/18/2021,45050910,332915074,13.53225297
United States,10/19/2021,45132148,332915074,13.55665499
United States,10/20/2021,45220898,332915074,13.58331344
United States,10/21/2021,45301044,332915074,13.60738745
United States,10/22/2021,45400466,332915074,13.63725152
United States,10/23/2021,45427464,332915074,13.6453611
United States,10/24/2021,45444260,332915074,13.65040623
United States,10/25/2021,45547158,332915074,13.68131441
